184@carioca.net
40144634@china.com
958002011925@cmmail.com
aaa@163.com
aaaa@ai.net
aaaa@public.xm.fj.cn
ÁªÏë°üÔÂ¿¨@com.com
abcd@tonghua.com.cn
abc@sss.com
aboutmail@aboutmail.com.cn
achanel3@catchaplane.net
achin54@hotmail.com
/aimcque/jmail.rcv/1/jm23b13241e@email.nx.cninfo.net
amy2w88@altavista.com
apl876c2784@oceanfree.net
arcara@vcs.informatics.lk
aruggere@pacbell.net
axshm@philippines.to
B6007180280036131@bounce.ml01.com
babe@371.net
bardvark_etty@altavista.net
bariletti123@msn.com
barin@altavista.net
bizness4u_fless@msn.com
bounce-0000001215-005119485@pobox.mp3.com
bounce-special_offer-754905@active.lyris.net
bounce-special-offer-754905@active.lyris.net
britneyspearsnude23232@yahoo.com
bungee369@pacbell.net
CamCinema@aol.com
capnet002@excite.com
casinofdaf6@hotmail.com
cherryzh@china.com
con240@pchome.com.tw
corn441962@catchaplane.net
corvet5326@aol.com
counter3@123india.com
ctrl@365holiday.net
curtis1433@desertmail.com
darlene@outdns.hyosung.co.kr
deena96@batelco.com.bh
directpc@ml.ctei.gov.cn
DiscOnLine@263.net
dnjhv@mail.iupi.pt
dpl4335@arabia.com
drdio@ok.ru
drew53g86@ematic.com
ducks@mail.kmsp.com
duduyao@hotvoice.com
ealformation@everligh.com
ecfloregpei@gmail.com 
emailmarketing4u_@excite.com
estokes115@dogtoobig.com
etary3rl3gk@yahoo.com
excite_promotions@email3.mindrelay.com
feedback@travelocity.m0.net
feww11@titchy.com
former1@mail.kmsp.com
free4all@myworldmail.com
frstmail88@niji.or.jp
greg5f9952@yahoo.com
guest@netease.com
halfishman@blackpower.net
Heather@mta7.pltn13.pbi.net
hei.di@gmx.net
helptrip@sohu.com
herrys78965@hotmail.com
hjvonbrkohwn@yahoo.com
Homestore_comApartments&Rentals.6m8-lrj0.n@everythinghome.homestore.com
honeck@hotmail.com
info14seeke@juno.com
info@isgia.com
info@sakisaki.dyndns.org
info@thenasdaqguru.com
issue-out@sillyfly.com
jacob8500@yahoo.com
jamses9877@hotmail.com
jandrsat@hotmail.com
jane0l2l@excite.com
javaras@hotmail.com
jazzevents@yahoo.com
jgalantini@itract.com
jjones260@mailmij.nl
joshuad1@hotmail.com
june_dispatch@yahoo.es
kimyo6@excite.com
knedogg@catchaplane.net
knedrager@catchaplane.net
low21@swotting.com
luck@371.net
luoxq123@126.com
mailer@eshakti.com
mail@thenasdaqguru.com
maria02@ads-solno.sol.no
marketing@unb2b.com
marski@netway.net
MARY_LI@CHINA.COM
mike34@asean-mail.com
mjzxmail2@btamail.net.cn
molga@a-po.st
mondi@post.com
Money@21cn.com
money@moneycncn2.com.cn
mort678a3681@ematic.com
mort678a@arabia.com
mpmail@mpmlbx02.mypoints.com
mpmail@mpmlbx05.mypoints.com
mthomas@bmstu.ru
NBelbal@erisa.fr
nbtye@iobox.fi
needfulgifts-return-1-6901652@lb.bcentral.com
newdomfactory@netscape.net
NEWMAILGURU@HOTLINKS.COM.AU
nobody@ns.reliablewebhosting.net
nodebt325@turbomail.net
omega_direct4359@mindspring.com
orherhg90@email.com
ormond@mail.com
owner-dietcity@LISTSERV.EDIETS.COM
pesquisas@desuaopiniao.com
postmaster@mail3.9netway.com
powermax@illuminatus.com
promotions9@websitepromotions.com
qtzci@webcrawler.com
qwsx@juno.com
reports@yahoo.com
rkkss@kimo.com.tw
rodgerdog@excite.com
root@public.xa.sn.cn
rth17@msn.com
sally2324@yahoo.com
secwntd@mysuperdns.com
service@000005225.net
shawna@sexfiles2.sexfiles.com
smtp121@8848.net
sos@yahoo.de
Spunko13@aol.com
spy4you@post.com
spyingtoday@post.com
stalma@mailplanet.net
steve@teit.ifi.uio.no
stfr@ecis.com
support@ezinehub.com
swift@adim.at
tanya779@usa.net
test@hithot.net
t_har@bignet.net
TheGoodFolks@corporate.freedrive.com
tia@ckone.com
tigger5986@hawkeyecharles.com
tikim@wooyun.com
tnarecords@6thfloor.com
trade_sender@yahoo.com
uhy778@ppo.every1.net
ui1bz82@egyptsun.com
UptownSinclair@aol.com
user@domin.com
username@domain.com
user@public.tpt.tj.cn
vaeal@iobox.fi
viegas@asinfo.com.br
vogel100@bignet.net
wda29@acmemail.net
webmaster@cn1b.net
webmaster@ebdoor.com
webmaster@gogorock.com
Webmaster@LandmarkTheatres.com
web@rose007.com
webtraderresell@yahoo.com
welcome33@MailOps.Com
welcome56@oceanfree.net
wholesaleguide@hotmail.com
whzone14@yahoo.com
wilber6858@yahoo.com
william17@usa.net
wireless_only@gte.net
wsfy@39.net
www3721_cn@sina.com
yhewwd@newmail.net
yqexv@portugalmail.com
yTECk7Huq@msn.com
zeke807747@aol.com
zibhntffmq@excite.com
testemail@gmail.com
testemail2@gmail.com
testemail7@gmail.com
testemail10@gmail.com
testingemail@gmail.com
testemail@bing.com
rachit.guruprasad@gmail.com